Content,Target
ржнрж╛рж░рждрзАрзЯ ржжрзВрждрж╛ржмрж╛рж╕ ржШрзЗрж░рж╛ржУ ржжрзБржкрзБрж░ рзиржЯрж╛,1
ржЖрж▓рзНрж▓рж╛рж╣ ржПрж░ ржмрж┐ржЪрж╛рж░рзЗ рж╣рж╛рж╕рж╛рж░ рж╕рзБржпрзЛржЧ ржУ ржкрж╛ржмрж┐ ржирж╛ЁЯлд,1
ржПржХржЬржи ржЪрж╛ржУржпрж╝рж╛рж▓рж╛рж░ ржерзЗржХрзЗ ржЖрж░ ржХрж┐ ржЖрж╢рж╛ ржХрж░рж╛ ржпрж╛ржпрж╝ ржХржЦржирзЛ ржзрж░рзНржорзЗрж░ ржирж╛ржорзЗ ржжрж╛ржЩрзНржЧрж╛ рж▓рж╛ржЧрж╛ржпрж╝  ржХржЦржирзЛ ржмрж╛ржБржзрзЗрж░ ржкрж╛ржирж┐ ржЫрзЗржбрж╝рзЗ ржжрж┐ржпрж╝рзЗ ржоржЬрж╛ ржирзЗржпрж╝  ржЖржмрж╛рж░ ржЪрж╛ржпрж╝ржирж╛  ржкрж╛ржХрж┐рж╕рзНрждрж╛ржи ржЖрж░рзЛ ржХржд ржжрзЗрж╢рзЗрж░ рж╕рж╛ржерзЗ ржЧрж╛ржпрж╝рзЗ ржкрж░рзЗ ржЭржЧржбрж╝рж╛ ржХрж░рзЗред ржЕржмрж╢рзНржп ржнрж╛рж░рждрзАржпрж╝рж░рж╛ ржПржоржирж┐ рж╕рзНржмрж╛рж░рзНрже ржЫрж╛ржбрж╝рж╛ ржПржХржЧрзНрж▓рж╛рж╕ ржкрж╛ржирж┐ржУ ржЦрж╛ржУржпрж╝рж╛ржмрзЗ ржирж╛ред ржПржЦржи рждрзЛ ржЖрж░ ржЖржорж╛ржжрзЗрж░ ржжрзЗрж╢ ржерзЗржХрзЗ рж▓рзБржЯрждрж░рж╛ржЬрзЗрж░ рж╕ржХрж▓ ржкрже ржмржирзНржз рждрж╛ржЗ ржЖржорж╛ржжрзЗрж░ ржПржнрж╛ржмрзЗ ржХрзНрж╖рждрж┐ржЧрзНрж░рж╕рзНржд ржХрж░рж▓рзЛред ржЖрж▓рзНрж▓рж╛рж╣ ржЫрж╛ржбрж╝ ржжрзЗржи ржХрж┐ржирзНрждрзБ ржЫрзЗржбрж╝рзЗ ржжрзЗржи ржирж╛ред ржПржХржжрж┐ржи ржПржЗ ржкрж╛ржирж┐рж░ ржЬржирзНржп ржПрж░рж╛ ржХрж╛ржБржжржмрзЗред,1
ржлрзЗрж░рж╛ржЙржи ржХрзЗржУ ржкрж╛ржирж┐рждрзЗржЗ ржбрзБржмрзЗ ржорж░рждрзЗ рж╣рзЯрзЗ ржЫрж┐рж▓рзЛред ржпрж╛ржЗ рж╣рзЛржХ ржЖржирзНрждрж░рзНржЬрж╛рждрж┐ржХ ржЖржжрж╛рж▓рждрзЗ ржнрж╛рж░рждрзЗрж░ ржирж╛ржорзЗ ржорж╛ржорж▓рж╛ ржХрж░рж╛рж░ ржПржЦржирж┐ рж╕ржорзЯ рждрж╛рж░рж╛ ржХрзЗржирзЛ ржЖржирзНрждрж░рзНржЬрж╛рждрж┐ржХ ржиржжрзАрждрзЗ ржмрзЗ ржЖржЗржирж┐ ржмрж╛ржз ржжрж┐рж▓рзЛ,1
ржнрж╛рж░рждрзЗ ржмржирзНржпрж╛ рж╣рзЯ ржХрзЗржиржЖрж▓рзНрж▓рж╛рж╣рж░ ржЧржЬржмржмрж╛ржВрж▓рж╛ржжрзЗрж╢рзЗ ржмржирзНржпрж╛ рж╣рзЯ ржХрзЗржиржнрж╛рж░рждрзЗрж░ ржХрж╛рж░ржгрзЗржкрж╛ржХрж┐рж╕рзНрждрж╛ржи ржЖржлржЧрж╛ржирж┐рж╕рзНрждрж╛ржирзЗ ржмржирзНржпрж╛ рж╣рзЯ ржХрзЗржиржЖрж▓рзНрж▓рж╛рж╣рж░ ржкрж░рзАржХрзНрж╖рж╛ржжрзБржмрж╛ржЗрзЯрзЗ ржмржирзНржпрж╛ рж╣рзЯ ржХрзЗржиржоржирзНржжрж┐рж░ ржмрж╛ржирж╛ржирзЛрж░ ржХрж╛рж░ржгрзЗрж╕рзМржжрж┐рждрзЗ ржмржирзНржпрж╛ рж╣рзЯ ржХрзЗржирж╕рж┐ржирзЗржорж╛рж╣рж▓ ржмрж╛ржирж╛ржирзЛрж░ ржХрж╛рж░ржгрзЗржЖрж░ ржХрзЛржи ржжрзЗрж╢рзЗ ржХрзА ржХрж╛рж░ржгрзЗ ржмржирзНржпрж╛ рж╣рзЯ ржмрж▓рждрзЗ ржкрж╛рж░рзЗржиред,1
ржоржбрж┐ ржмрж╛ржЗржиржЪрзБржж ЁЯШб,1
ржЪрж╛ ржУржпрж╝рж╛рж▓рж╛ ржерзЗржХрзЗ ржХрж┐ ржЖрж░ ржкрзНрж░рждрзНржпрж╛рж╢рж╛ ржХрж░рж╛ ржпрж╛ржпрж╝ ЁЯЩВ,1
рж╢рзБрзЯрж░рзЗрж░ ржмрж╛ржЪрзНржЪрж╛ред,1
ржХрж╛ржкрзБрж░рзБрж╖рзЗрж░ ржХрж╛ржЬржЗ ржПржЗржЯрж╛ред рж╕рж░рж╛рж╕рж░рж┐ ржирж╛ ржкрж╛рж░рж▓рзЗ ржорзЗрзЯрзЗ ржорж╛ржирзБрж╖рзЗрж░ ржорждрзЛ ржПржоржи ржЖржБржЪрзЬ ржжрж┐ржмрзЗред ржЗржирж╢рж╛ржЖрж▓рзНрж▓рж╛рж╣ ржПржЗржмрж╛рж░ ржмрж╛ржЪрждрзЗ ржжрзЗржи ржнрж╛рж░рждрзЗрж░   ржорж░ржмрзЛ ржирж╛ред,1
ржЖрж▓рзНрж▓рж╛рж╣рж░ ржорж╛ржЗрж░ ржжрзБржирж┐рзЯрж╛рж░ ржмрж╛ржЗрж░ржХрж╖рзНржЯ ржХрж░рждрзЗрж╕рж┐ржЗржирж╢рж╛ржЖрж▓рзНрж▓рж╛рж╣ рждрзЛржжрзЗрж░ ржжрж╢рж╛ржУ ржЖрж▓рзНрж▓рж╛рж╣ ржжрзЗржЦрж╛ржмрзЗржи ржмрж┐рж╢рзНржмрж╛рж╕ ржХрж░рж┐ржХрзЛржирзЛ ржЬрж╛рж▓рзЗржоржЗ ржЯрж┐ржХрзЗ ржерж╛ржХрждрзЗ ржкрж╛рж░рзЗ ржирж╛ржЗржкрж╛рж░ржмрзЗржУ ржирж╛ржкрждржи рж╣ржмрзЗржЗ ржЗржирж╢рж╛ржЖрж▓рзНрж▓рж╛рж╣ ЁЯд▓,1
ржкрж╛ржирж┐ рж╕ржирзНрждрзНрж░рж╛рж╕рзА,1
рззрзирзйрзк ржнрж╛рж░рждрзЗрж░ ржкрзБрз│ржХ ржорж╛рж░ред,1
рж╕ржмржЪрзЗрзЯрзЗ ржирж┐ржХрзГрж╖рзНржЯ ржорж╛ржиржмрж╕ржирзНрждрж╛ржи ржлрж┐рж░рж╛ржЙржирзЗрж░ ржмржВрж╢ржзрж░ред,1
ржкрж╢рзНржЪрж┐ржоржмржЩрзНржЧ рждрзНрж░рж┐ржкрзБрж░рж╛ ржУ ржмрж╛ржВрж▓рж╛ржжрзЗрж╢рзЗрж░ ржмрзЗрж╢рж┐рж░ржнрж╛ржЧ ржмржирзНржпрж╛ржЗ ржжрж┐рж▓рзНрж▓рж┐рж░ рждрзИрж░рж┐рз╖,1
ржнрж╛рж░рждржХрзЗ ржпрж╛рж░рж╛ ржмржирзНржзрзБ ржмрж▓рзЗ ржУрж░рж╛ ржмрж╛ржВрж▓рж╛ржжрзЗрж╢рзЗрж░ рж╢рждрзНрж░рзБред ржЖржЗ рж░рж┐ржкрж┐ржЯ ржПржЧрзЗржЗржи ржУрж░рж╛ ржмрж╛ржВрж▓рж╛ржжрзЗрж╢рзЗрж░ рж╢рждрзНрж░рзБред,1
ржмржЙрзЯрзЗрж░ ржЕржкржорж╛ржирзЗрж░ ржмржжрж▓рж╛ рж╕рзНржмрж╛ржорзА ржирж┐ржЪрзНржЫрзЗ ржмрзНржпрж╛рж░рзЗржЬ ржЦрзБрж▓рзЗ ржжрж┐рзЯрзЗредредржкрж░рж┐ржирждрж┐ ржЪрж░ржо рж╢рждрзНрж░рзБрждрж╛рж░ ржжрж┐ржХ ржЧрзЬрж╛ржмрзЗредред,1
ржмрж╛ржВрж▓рж╛ржжрзЗрж╢рзЗрж░ рж╕ржмржЪрж╛ржЗрждрзЗ ржмржбрж╝ рж╢рждрзНрж░рзБ рж╣рж▓рзЛ ржнрж╛рж░рждред ржПржЗ ржнрж╛рж░рждрзЗ ржЪрж╛ржЗрждрзЗ ржЦрж╛рж░рж╛ржкрж░рж╛рж╖рзНржЯрзНрж░ ржжрзНржмрж┐рждрзАржпрж╝ ржЖрж░рзЗржХржЯрж╛ ржЖржЫрзЗ ржХрж┐ржирж╛ рж╕ржирзНржжрзЗрж╣ред ржПрж░рж╛ рж╣ржЪрзНржЫрзЗ ржжрзНржмрж┐рждрзАржпрж╝ ржЗрж╕рж░рж╛ржЗрж▓ред рждрж╛ржЗ ржмрж▓ржмрзЛ ржмрж╛ржВрж▓рж╛ржжрзЗрж╢рзЗрж░ ржпрзЗ ржмрзЗрж╢рж┐ ржнрж╛рж░ржд ржмрж┐рж░рзЛржзрзАред рж╕рзЗ рждрждрзЛ ржмржбрж╝ ржжрзЗрж╢ ржкрзНрж░рзЗржорж┐ржХред ЁЯЗзЁЯЗй,1
ржкрзАржкрж┐рж▓рж┐ржХрж╛рж░ ржкрж╛ржЦрж╛ ржЧржЬрж╛рзЯ ржорж░рж┐ржмрж╛рж░ рждрж░рзЗрж╕ржорзЯржЯрж╛ ржПржЗред рж╢рж╛ржирзНрждрж┐ ржЖрж╕ржмрзЗ ржЗржирж╢рж╛ржЖрж▓рзНрж▓рж╛рж╣ред,1
ржПржЗ ржХрзБрждрзНрждрж╛рж░ ржмрж╛ржЪрзНржЪрж╛рж░ ржУржкрж░ ржарж╛ржбрж╛ ржкрж░рзБржХ,1
рждрж╛ржжрзЗрж░ ржжрзЗрж╢рзЗрж░ ржорзМржорж┐рждрж╛рж░ ржЬржирзНржп ржЖржорж░рж╛ рж╕ржмрж╛ржЗ ржХрж╛ржБржжрждрзЗржЫрж┐рж▓рж╛ржо ржЖрж░ рждрж╛рж░рж╛ ржЖржорж╛рж░ ржжрзЗрж╢рзЗрж░ ржмржирзНржпрж╛рзЯ ржЖржЯржХрж╛ ржорж╛ржирзБрж╖ ржжрзЗржЦрзЗ рж╣рж╛рж╕ржЫрзЗредржорж╛ржирзБрж╖ ржЖрж░ ржЕржорж╛ржирзБрж╖ ржПрж░ ржкрж╛рж░рзНржержХрзНржп ржорж╛ржиржмрж┐ржХрждрж╛рж░,1
ржмрж╛ржБржз ржЦрзБрж▓рж▓рзЛ ржХрзЗржи  ржПржЗ ржкрзНрж░рж╢рзНржирзЗрж░ ржЪрзЗрзЯрзЗ ржЬрж░рзБрж░рзА ржкрзНрж░рж╢рзНржи рж╣ржУрзЯрж╛ ржЙржЪрж┐ржд ржмрж╛ржБржз ржжрж┐рж▓рзЛ ржХрзЗржиржЕржирзЗржХрзЗ ржмрж▓ржЫрзЗ ржпрзЗ ржмрж╛ржБржз ржирж╛ ржЦрзБрж▓рж▓рзЗ ржнрж╛рж░рждрзЗрж░ рждрзНрж░рж┐ржкрзБрж░рж╛ ржбрзБржмрзЗ ржпрзЗрждрзЛ рждрж╛рж░рж╛ ржмрж╛ржзрзНржп рж╣рзЯрзЗ ржЫрзЗрзЬрзЗржЫрзЗред ржкрж░рзЗ ржмрж╛ржБржз ржЕржЯрзЛ ржнрзЗржЩрзЗржЗ ржпрзЗрждрзЛред рждржЦржи ржЖрж░рзЛ ржмрзЗрж╢рзА ржХрзНрж╖рждрж┐ рж╣рждред рждрж╛ржЗ ржПржЦрж╛ржирзЗ ржЖрж╕рж▓рзЗ ржнрж╛рж░рждрзЗрж░ ржжрзЛрж╖ ржирзЗржЗред ржЪрж▓рзБржи ржПржЗ ржХржерж╛ржЯрж╛рж░ ржлрж╛ржБржХржЯрж╛ ржмрзБржЭрж╛рж░ ржЪрзЗрж╖рзНржЯрж╛ ржХрж░рж┐ ржПржХржЯрзБред ржиржжрзА ржЪрж▓ржмрзЗ ржиржжрзАрж░ ржорждред ржПрждрзЗ рждрж╛рж░рж╛ ржмрж╛ржБржз ржжрж┐рж▓ ржХрзЗржирзЛ рж╢рзБрж░рзБрждрзЗржЗ ржХрж╛рж░ржг рждрж╛рж░рж╛ ржмрж╛ржВрж▓рж╛ржжрзЗрж╢ржХрзЗ ржкрж╛ржирж┐ ржмржЮрзНржЪрж┐ржд ржХрж░рзЗ рж░рзЗржЦрзЗржЫрж┐рж▓ ржПрждржжрж┐ржиред ржиржжрзАржХрзЗ ржиржжрзАрж░ ржоржд ржЪрж▓рждрзЗ ржжрж┐рж▓рзЗ ржиржжрзАрж░ ржЧржнрзАрж░рждрж╛ ржПржмржВ ржкрзНрж░рж╢рж╕рзНрждрждрж╛ ржарж┐ржХ ржерж╛ржХрждрзЛред рж╣ржарж╛рзО ржмрзЗрж╢рзА ржкрж╛ржирж┐ ржЖрж╕рж▓рзЗржУ ржиржжрзА рждрж╛ рж╕рж╣рзНржп ржХрж░рждрзЗ ржкрж╛рж░рждрзЛред ржкрж╛ржирж┐ рж╕рж╣ржЬрзЗ рж╕ржорзБржжрзНрж░рзЗ ржкрзМржЫрждрзЛредржХрж┐ржирзНрждрзБ ржмрж╛ржБржз ржжрзЗрзЯрж╛рж░ ржХрж╛рж░ржгрзЗ ржмрж╛ржВрж▓рж╛ржжрзЗрж╢рзЗрж░ ржиржжрзАржЧрзБрж▓рзЛ рж╢рзБржБржХрж┐рзЯрзЗ ржЦрж╛рж▓рзЗрж░ ржоржд рж╣рзЯрзЗ ржЧрж┐рзЯрзЛржЫрзЗред ржкрж▓рж┐ ржЬржорзЗ ржЕржЧржнрзАрж░ рж╣рзЯрзЗ ржЧрж┐рзЯрзЗржЫрзЗ ржЬрж╛рзЯржЧрж╛рзЯ ржЬрж╛рзЯржЧрж╛рзЯ ржЪрж░ ржЬржирзНржорзЗржЫрзЗред ржПржЦржи рж╣ржарж╛рзО ржкрж╛ржирж┐ ржЫрзЗрзЬрзЗ ржжрж┐рж▓рзЗ ржПржЗ ржЕржЧржнрзАрж░ ржПржмржВ ржЪрж┐ржХржи ржиржжрзАржЧрзБрж▓рзЛ рж╕рзЗржЗ ржкрж╛ржирж┐ ржзрж╛рж░ржг ржХрж░рждрзЗ ржирж╛ ржкрзЗрж░рзЗ ржЖрж╢рзЗржкрж╛рж╢рзЗрж░ рж╕ржм ржбрзБржмрж┐рзЯрзЗ ржжрзЗрзЯред ржПржмрж╛рж░ ржмрзБржЭрзЗржЫрзЗржи ржЖрж╕рж▓ ржХрж╛рж╣рж┐ржирзАржХрзЛржи рж▓рзЛржХ ржПржЦржи ржнрж╛рж░рждрзЗрж░ рж╕рж╛ржлржЗ ржЧрж╛ржЗрждрзЗ ржЖрж╕рж▓рзЗ ржмрж╛ ржХрзЛржи ржзрж╛ржирж╛ржЗ ржкрж╛ржиржЗ ржХрж░рж▓рзЗ ржпрзЗржоржи ржнрж╛рж░рждрзЗрж░ рждрзЛ ржЙржкрж╛рзЯ ржЫрж┐рж▓ ржирж╛ рждрж╛ржЗ ржмрж╛ржзрзНржп рж╣рзЯрзЗ ржмрж╛ржБржз ржЫрзЗрзЬрзЗржЫрзЗ ржУрж░рзЗ ржерж╛ржкрзНржкрзЬ ржорзЗрж░рзЗ ржмрж▓ржмрзЗржи рждрж╛рж╣рж▓рзЗ ржмрж╛ржБржзржЯрж╛ рж╢рзБрж░рзБрждрзЗ ржжрж┐рзЯрзЗржЫрж┐рж▓ ржХрзЗржирзЛ,1
ржЖрж▓рзНрж▓рж╛рж╣ ржПрж░ ржмрж┐ржЪрж╛рж░ ржХрж░ржмрзЗржи ржЗржирж╢рж╛ржЖрж▓рзНрж▓рж╛рж╣,1
ржЖржкрж╛рж░ ржХрзЗрж░рж╛ржоржд,1
ржЧрж╛ржЬржУржпрж╝рж╛рждрзБрж▓ рж╣рж┐ржирзНржж ржмрж▓рждрзЗ ржХрж┐ ржмрзБржЭрж╛ржпрж╝ржЧрж╛ржЬржУржпрж╝рж╛рждрзБрж▓ рж╣рж┐ржирзНржж рж╣ржЪрзНржЫрзЗ ржЗрж╕рж▓рж╛ржорзЗрж░ рж╕рж░рзНржмрж╢рзЗрж╖ ржиржмрж┐ ржорзБрж╣рж╛ржорзНржорж╛ржжрзЗрж░ ржПржХржЯрж┐ ржнржмрж┐рж╖рзНржпржжрзНржмрж╛ржгрзА ржпрзЗржЦрж╛ржирзЗ ржЙрж▓рзНрж▓рзЗржЦ ржЖржЫрзЗ ржнрж╛рж░рждрзАржпрж╝ ржЙржкржорж╣рж╛ржжрзЗрж╢рзЗ ржорзБрж╕рж▓рж┐ржо ржУ ржЕржорзБрж╕рж▓рж┐ржоржжрзЗрж░ ржоржзрзНржпрзЗ ржПржХржЯрж┐ ржпрзБржжрзНржз рж╕ржВржШржЯрж┐ржд рж╣ржмрзЗ ржпрж╛рждрзЗ ржорзБрж╕рж▓ржорж╛ржиржжрзЗрж░ ржмрж┐ржЬржпрж╝ ржШржЯржмрзЗред,1
ЁЯдм,1
ржЖржорж╛ржжрзЗрж░ ржкрзНрж░рждрж┐ржмрзЗрж╢рзАржжрзЗрж░ ржХрзНрж░ржоржмрж░рзНржзржорж╛ржи ржЖржЧрзНрж░рж╛рж╕рзА ржкрж░рж░рж╛рж╖рзНржЯрзНрж░ржирзАрждрж┐рж░ ржХрж╛рж░ржгрзЗ ржЖржорж╛ржжрзЗрж░ ржиржжрзАрж░ ржкрж╛ржирж┐рж░ ржирзНржпрж╛ржпрзНржп рж╣рж┐рж╕рзНржпрж╛ ржЖржорж░рж╛ ржХржЦржирзЛржЗ ржкрж╛ржЗржирж┐ред,1
ржПржХржЯрж╛ ржХрж╛ржЙржирзНржЯрж╛рж░ ржмрж╛ржз рждрзИрж░рж┐ ржХрж░рзЗ рж╕рж╛рж▓рж╛ржнрж╛ржЗржжрзЗрж░ ржжрзБржЪрзЗ ржжрж┐рждрзЗ рж╣ржмрзЗ,1
ржмрж╛ржВрж▓рж╛ржжрзЗрж╢рзЗрж░  рж╣рж┐ржирзНржжрзБржжрзЗрж░ ржмрж╛рзЬрж┐ ржШрж░ ржоржирзНржжрж┐рж░ ржбрзБржмрзЗ ржЧрзЗржЫрзЗ ржнрж╛рж░рждрзЗрж░ ржкрж╛ржирж┐рждрзЗржЬрж╛ржЧрзЛ рж╣рж┐ржирзНржжрзБ ржЬрж╛ржЧрзЛрж╢рж╛рж╣ржмрж╛ржЧ ржПржЦржи ржЖрж╕рзЛред,1
ржЧрзНржпрж╛рж╕ ржЕржл ржХрж░рж╛рж░ ржЖржУрзЯрж╛ржЬ ржЙржарж╛ржирзЛ ржЕржирзЗржХ ржЬрж░рзБрж░рж┐,1
рзз ржжржлрж╛  рзз ржжрж╛ржмрж┐  ЁЯЗзЁЯЗй  ржжрзЗрж╢рзЗ ржкрзНрж░ржержо ржХрж╛ржЬ рж╢рзБрж░рзБ рж╣рзЛржХредрждрж╛ржжрзЗрж░ ржкрзНрж░рждрж┐ржЯрж┐ ржмрж╛ржБржзрзЗрж░ ржмрж┐ржкрж░рж┐рждрзЗ рждрж╛рж░ ржЪрзЗрзЯрзЗ ржмрзЬ ржмрж╛ржБржз ржирж┐рж░рзНржорж╛ржг ржХрж░рзЗредржкрзНрж░рзЯрзЛржЬржирзЗ ржжрзЗрж╢рзЗрж░ рж╕ржм ржЬржиржЧржи ржорж┐рж▓рзЗ ржлрж╛ржирзНржб рждрзИрж░рж┐ ржХрж░рзЛредржжрзЗрж╢ ржмрж╛ржБржЪрж╛рждрзЗ рж╕ржмрж╛ржЗ ржзрж░рзНржо ржЬрж╛ржд ржжрж▓ ржирж┐рж░рзНржмрж┐рж╢рзЗрж╖рзЗ рж╕ржмрж╛ржЗ ржПржЧрж┐ржпрж╝рзЗ ржЖрж╕рзЛ ЁЯЩП ржЖржУрзЯрж╛ржЬ рждрзБрж▓рзЛред,1
ржПржЗ ржмрзГрж╖рзНржЯрж┐ржЬржирж┐ржд ржмржирзНржпрж╛рж░ ржЬржирзНржп ржпрж╛рж░рж╛ ржнрж╛рж░рждржХрзЗ ржжрж╛рзЯрзА ржХрж░ржЫрзЗ рждрж╛рж░рж╛ ржЗржорж╛ржи рж╣рж╛рж░рж┐рзЯрзЗржЫрзЗред ржХрж╛рж░ржг ржмрзГрж╖рзНржЯрж┐ ржжрзЗрзЯ ржорж┐ржХрж╛ржЗрж▓ ржЖржГред,1
ржнрж╛рж░рждрзЗрж░ ржжрзВрждрж╛ржмрж╛рж╕ ржШрзЗрж░рж╛ржУ ржжрзВрждржХрзЗ рждрж▓ржм ржПржмржВ ржЖржирзНрждрж░рзНржЬрж╛рждрж┐ржХ ржЖржжрж╛рж▓рждрзЗ ржорж╛ржорж▓рж╛ ржХрж░рж╛ ржЙржЪрж┐рждред ржПрж░ржкрж░рзЗржУ ржарж┐ржХ ржирж╛ рж╣рж▓рзЗ рж╕рж╛ржЗржмрж╛рж░ ржЕрзНржпрж╛ржЯрж╛ржХ ржХрж░рзЗ рждрж╛ржжрзЗрж░ рж╕рж╛ржЗржмрж╛рж░ рж╕рзНржкрзЗрж╕ рждржЫржиржЫ ржХрж░рзЗ ржжрзЗржУрзЯрж╛ ржЙржЪрж┐ржд рзирзжрззрзи ржПрж░ ржорждрзЛред,1
ржЕрж╕рзБржмрж┐ржзрж╛ ржирж╛ржЗред рждрзЛржЧрзЛ ржЧрзЛржпрж╝рж╛ржпрж╝ ржмрж╛ржБрж╢ ржжрзЗржУржпрж╝рж╛рж░ ржЬржирзНржп ржЧрзНрж▓рзЛржмрж╛рж▓ ржУржпрж╝рж╛рж░рзНржорж┐ржВ ржЖрж░ ржорж╛ржЙржирзНржЯ ржПржнрж╛рж░рзЗрж╕рзНржЯ рж╕рж╣ ржкрзБрж░рзЛ ржкрж░рзНржмрждрж╢рзГржЩрзНржЧ ржПрж░рж┐ржпрж╝рж╛ржЗ ржпржерзЗрж╖рзНржЯ ржЖрж▓рзНрж▓рж╛рж╣ ржЫрж╛ржбрж╝ ржжрзЗржиржЫрзЗржбрж╝рзЗ ржжрзЗржи ржирж╛ред,1
ржнрж╛рж░рждрзАрзЯ ржкржгрзНржп ржмрж░рзНржЬржи ржХрж░рзБржи,1
ржПрж╕ржм ржкрзНрж░рждрж┐рж╢рзЛржз ржирзЗржУрзЯрж╛ ржмрзЛржХрж╛ржорж┐ рждрж╛рж░рж╛ ржкрзНрж░рждрж┐ржмрж╛рж░ржЗ ржирж┐ржЬ ржнрзВржорж┐  рж░ржХрзНрж╖рж╛рж░рзНржерзЗ  ржПрж╕ржм ржХрж░рзЗ ржПржЗ ржЕржпрзБрж╣рж╛ржд ржжрж┐рзЯрзЗ ржкрж╛ржирж┐ ржЫрж╛рзЬрзЗредржЖржорж╛ржжрзЗрж░ ржУржжрзЗрж░ ржЪрзЗрзЯрзЗржУ рж╢ржХрзНрждрж┐рж╢рж╛рж▓рзА  ржмрж╛ржз ржирж┐ржорж╛рж░рзНржг ржХрж░рждрзЗ рж╣ржмрзЗ ржпржд ржжрзНрж░рзБржд рж╕ржорзНржнржмред,1
рж╕ржмржЪрзЗрзЯрзЗ ржирж┐ржХрзГрж╖рзНржЯ ржЬржШржирзНржп  ржорж╛ржиржмрж╕ржирзНрждрж╛ржи ржлрж┐рж░рж╛ржЙржирзЗрж░ ржмржВрж╢ржзрж░ ржУрж░рж╛,1
рж╕ржм ржЦрзБржирж┐ рж╣рж╛рж╕рж┐ржирж╛рж░ ржЪржХрзНрж░рж╛ржирзНржд ржнрж╛рж░рждрзЗ ржмрж╕рзЗ ржХрж┐ржнрж╛ржмрзЗ ржмрж╛ржВрж▓рж╛ржжрзЗрж╢рзЗрж░ ржХрзНрж╖рждрж┐ ржХрж░рж╛ ржпрж╛рзЯ,1
рждрзЗржирж╛рж░рж╛ ржЗржЪрзНржЫрзЗ ржирж╛ рж╣рж▓рзЗ ржШрж╛рж╕рзЗрж░ ржкрж╛рждрж╛ ржиржбрж╝рзЗ ржирж╛ ржмржирзНржпрж╛ ржХрж┐ ржХрж░рзЗ рж╣ржпрж╝рзЗ ржЧрзЗрж▓рзЛ  рждрж╛рж░ ржорж╛ржирзЗ ржнрж╛рж░ржд рждрзЗржирж╛рж░ ржерзЗржХрзЗржУ ржмржбрж╝рзЛ ЁЯШпЁЯШпЁЯШп,1
ржХрзБрждрзНрждрж╛,1
ржнрж╛рж░рждрзАржпрж╝ ржХрзЛржирзЛ ржжрж╛рж▓рж╛рж▓ рж░рж╛ржЦрж╛ ржпрж╛ржмрзЗ ржирж╛ ржП ржжрзЗрж╢ ржПред,1
ржЬрж╛ржирзЛрзЯрж╛рж░,1
ржмрж╛ржВрж▓рж╛ржжрзЗрж╢рзЗрж░ ржЖржХрж╛рж╢рж╕рж┐ржорж╛ ржнрж╛рж░рждрзЗрж░ ржХрзЗржи,1
ржПржЦржи рж╕ржВржЦрзНржпрж╛рж▓ржШрзБржжрзЗрж░ ржкрзНрж░рждрж┐ржмрж╛ржж рж╣ржмрзЗ ржирж╛ ржХрж╛рж░ржг ржЖржмрзНржмрж╛ ржжрзЗрж╢рзЗрж░ ржкрж╛ржирж┐ рждрзЛ ржЖрж░рзНрж╢рж┐ржмрж╛ржж,1
ржкрж╢рзНржЪрж┐ржоржмржВ рж╕рж░ржХрж╛рж░ржХрзЗ ржжрзБрж╖ржмрзЗржи ржирж╛ рж╕рзЗржЯрж╛рж░ ржХрж╛рж░ржи ржЕржирзЗржХрзЗрж░ ржЬрж╛ржирж╛редржоржорждрж╛ ржпржЦржи рждрж┐рж╕рзНрждрж╛рж░ ржкрж╛ржирж┐ ржжрж┐рждрзЗ ржорж╛ржирж╛ ржХрж░рзЗ рждржЦржи ржЖржкржирж╛рж░рж╛ ржХрзЛржи ржкрзНрж░ржХрж╛рж░ ржоржирзНрждржмрзНржп ржХрж░рзЗржи ржирж╛редржЪрзБржк ржорзЗрж░рзЗ ржерж╛ржХрзЗржиредржХрж╛рж░ржи ржоржорждрж╛ ржУржЗржкрж╛рж░рзЗ рждрзЛржорж╛рж░ ржорзБрж╕рзНрж▓рж┐ржо ржнрж╛ржЗрзЯрзЗрж░ ржХрзЛрж▓рзЗ рждрзБрж▓рзЗ ржирж╛ржЪрзЗред,1
рж╣рж╛ржбрзНржбрж┐ ржХржЦржирзЛ ржЧрзЛрж╕рзНржд рж╣рзЯ ржирж╛ ржнрж╛рж░ржд  ржХржЦржирзЛ  ржмржирзНржзрзБ  рж╣рзЯ ржирж╛,1
ржмрж╛ржБржз ржЦрзБрж▓рзЗ ржжрж┐ржХ ржнрж╛рж░ржд,1
ЁЯдгЁЯШВЁЯдг ржирзЗ ржПржЗ ржЬрж▓рзЗ ржПржмрж╛рж░ ржЗрж▓рж┐рж╢ ржЪрж╛рж╖ ржХрж░рзЗ ржЦрж╛ред,1
ржЖржорж╛рж░ ржоржирзЗ рж╣рзЯ ржмрж╛ржБржз ржирж┐рж░рзНржорж╛ржгрзЗрж░ ржЪрзЗрзЯрзЗ ржмрзЗрж╢рж┐ ржХрж╛рж░рзНржпржХрж░рзА рж╣ржмрзЗ ржиржжрзА ржЦржиржирзЗрж░ ржЙржжрзНржпрзЗржЧ ржЧрзНрж░рж╣ржг ржХрж░рж▓рзЗред ржХрж╛рж░ржг ржЖржорж░рж╛ ржнрж╛ржЯрж┐ ржЕржЮрзНржЪрж▓рзЗ ржерж╛ржХрж┐рз╖ ржжрзЗрж╢рзЗрж░ ржЪрж╛рж░ржкрж╛рж╢рзЗ ржмрж╛ржБржз ржирж┐рж░рзНржорж╛ржг ржХрж░рж╛ ржкрж╕рж┐ржмрж▓ ржирж╛рз╖ ржХрж┐ржЫрзБ ржЧрзБрж░рзБрждрзНржмржкрзВрж░рзНржг ржкрзЯрзЗржирзНржЯрзЗ ржХрж░рж╛ ржпрзЗрждрзЗ ржкрж╛рж░рзЗ ржпржжрж┐ ржХрж╛рж░рзНржпржХрж░рзА рж╣рзЯрз╖ рждржмрзЗ ржиржжрзА ржмрж╛ржБржЪрж╛ржирзЛржЗ рж╣ржмрзЗ ржорзЛржХрж╛ржмрж┐рж▓рж╛ ржХрж░рж╛рж░ рж╕ржмржЪрзЗрзЯрзЗ ржмрзЬ рж╣рж╛рждрж┐рзЯрж╛рж░ред ржжрзЗрж╢рзЗрж░ ржЕржзрж┐ржХрж╛ржВрж╢ ржиржжрзА ржорзГржд ржкрзНрж░рж╛рзЯред ржиржжрзА ржнрж░рж╛ржЯ ржХрж░рзЗ ржЕржмрзИржз ржШрж░ржмрж╛рзЬрж┐ ржжрзЛржХрж╛ржиржкрж╛ржЯ ржХрж░рж╛ рж╣ржЪрзНржЫрзЗред ржПрж╕ржм ржХрзНрж╖рзЗрждрзНрж░рзЗ рж╕рж░ржХрж╛рж░рзЗрж░ ржкржжржХрзНрж╖рзЗржк ржирзЗржУрзЯрж╛ ржЬрзБрж░рзБрж░рж┐ред ржиржжрзА ржЧрзБрж▓рзЛ ржмрж╛ржБржЪрж▓рзЗржЗ ржкрж╛ржирж┐ ржзрж╛рж░ржг ржХрзНрж╖ржорждрж╛ ржмрж╛рзЬржмрзЗрз╖ ржорж╛ржирзБрж╖ржУ ржмрж╛ржБржЪржмрзЗ рж╣ржарж╛рзО ржмржирзНржпрж╛рж░ ржХржмрж▓ ржерзЗржХрзЗред ржиржжрзА ржЦржиржирзЗрж░ ржмрзЗржирж┐ржлрж┐ржЯржУ ржмрзЗрж╢рж┐ рж╣ржмрзЗрз╖ ржкрж╛ржирж┐ рж╢рзБрж╖рзНржХ ржорзМрж╕рзБржорзЗ ржХрж╛ржЬрзЗ ржЖрж╕ржмрзЗрз╖ ржорж╛ржЫрзЗрж░ ржЬрзАржмржмрзИржЪрж┐рждрзНрж░рзНржп рж░ржХрзНрж╖рж╛ ржкрж╛ржмрзЗрз╖ ржиржжрзАржХрзЗ ржХрзЗржирзНржжрзНрж░ ржХрж░рзЗ ржмрзНржпржмрж╕рж╛ ржмрж╛ржгрж┐ржЬрзНржп ржкрзНрж░рждрж┐рж╖рзНржарж╛ржи ржЧрзЬрзЗ ржЙржаржмрзЗрз╖ ржирждрзБржи ржХрж░рзНржорж╕ржВрж╕рзНржерж╛ржирзЗрж░ рж╕рзГрж╖рзНржЯрж┐ рж╣ржмрзЗрз╖,1
ржнрж╛рж░рждрзЗрж░ рж░рж╛рж╖рзНржЯрзНрж░ржзрзБрждржХрзЗ рждрж▓ржм ржХрж░рзЗ ржирж┐ржирзНржжрж╛ ржЬрж╛ржирж╛ржиредржЖржорж░рж╛ ржПржХрж╛ ржирзЯ,1
ржПрж░ ржкрж░рж┐ржирждрж┐ ржнрж╛рж░рждрзЗрж░ рж╢рзЗрж╖ ржбрзЗржХрзЗ ржЖржиржмрзЗ ред,1
ржмрж╛ржВрж▓рж╛ржжрзЗрж╢рзЗ ржпрзЗрж╕ржм ржнрж╛рж░ржд ржкрзНрж░рзЗржорзА ржЖржЫрзЗржПржЗ ржкрж╛ржирж┐ рждрж╛ржжрзЗрж░ ржЬржирзНржп ржнрж╛рж▓рзЛржмрж╛рж╕рж╛рж░ ржЙржкрж╣рж╛рж░редржПрждржХрж┐ржЫрзБрж░ ржкрж░рзЗржУ ржнрж╛рж░ржд ржХрзЗ ржнрж╛рж▓рзЛржмрж╛рж╕рж╛ рждрж╛ржжрзЗрж░ ржмржирзНржз рж╣ржмрзЗ ржирж╛ред,1
ржнрж╛рж░ржд рж╢рзБрзЯрзЛрж░рзЗрж░ ржмрж╛ржЪрзНржЪрж╛,1
ржзрзНржмржВрж╕ рж╣рзЛржХ ржнрж╛рж░ржд,1
ржПржмрж╛рж░ ржХрж┐ржирзНрждрзБ ржХрзЗржЙ рж╕ржВржЦрзНржпрж╛рж▓ржШрзБ ржиржпрж╝ЁЯдлЁЯдл,1
ржкрзНрж░рждрж┐ржЯрж╛ ржХрж░рзНржорзЗрж░ ржлрж▓ ржЖржЫрзЗ,1
рж╕ржВржЦрзНржпрж╛рж▓ржШрзБ рж░рж╛ ржПржЦржи ржЗржирзНржбрж┐рзЯрж╛ ржПрж░ ржкрж╛ржирж┐ ржжрзЗржЦрждрзЗ ржкрж╛рж░рзЗржЫрзЗ ржирж╛рж╣ред,1
ржЖржЬ ржмрзБржЭрж▓рж╛ржо  рж╕рзЗржХрзЗржирзНржб ржУржпрж╝рж╛рж░рзНрж▓рзНржб ржУржпрж╝рж╛рж░рзЗрж░ рж╕ржоржпрж╝ ржХрзЗржи ржлрзЗржирзАрждрзЗ ржПржХржЯрж╛ ржПржпрж╝рж╛рж░ржкрзЛрж░рзНржЯ ржЫрж┐рж▓ред ржЬрж┐ржУ ржкрж▓рж┐ржЯрж┐ржХрзНрж╕ рж╢рзЗржЦ рж╣рж╛рж╕рж┐ржирж╛ ржХрзЗржи ржЖржкржирж┐ ржЬрж╛ржпрж╝ржЧрж╛ ржЦрзБржБржЬржЫрзЗржи ржПржХржЯрж╛ ржПржпрж╝рж╛рж░ржкрзЛрж░рзНржЯ ржХрж░рж╛рж░ ржЬржирзНржп ржПржЗ ржПржпрж╝рж╛рж░ржкрзЛрж░рзНржЯржЯрж╛ ржХрж░рждрзЗ ржкрж╛рж░рждрзЗржи рж╢рзБржзрзБ рж╢рзБржзрзБ ржЯрж╛ржХрж╛ ржЧрзБрж▓рзЛ ржирж╖рзНржЯ ржХрж░рж▓,1
ржХрзЗржи ржЧрждржХрж╛рж▓ ржпржЦржи ржнрж╛рж░рждрзЗрж░ ржПржХржЯрж╛ ржмрж╛ржз ржнрзЗржЩрзЗ ржЧрзЗрж▓рзЛ рждржЦржи рждрзЛ ржЖрж▓рж╣рж╛ржоржжрзБрж▓рж┐рж▓рзНрж▓рж╛рж╣ ржмрж▓ржЫрзЗржи ржЖржЬ ржпржЦржи рж╕рзЗржЗ ржкрж╛ржирж┐ ржПрж╕рзЗ ржжрзЗрж╢рзЗ ржмржирзНржпрж╛ рж╣ржЪрзНржЫрзЗ рждржЦржи ржЗржирзНржирж╛ ржирж┐рж▓рзНрж▓рж╛рж╣ ржкрзЬрждрж╛ржЫрзЗржи рж╕рж░ржХрж╛рж░ ржмржирзНржпрж╛ ржирж┐рзЯржирзНрждрзНрж░ржг ржХрж░рждрзЗ ржирж╛ ржкрзЬрзЗ ржПржЦржи ржнрж╛рж░рждрзАрзЯ рж╖рзЬржпржирзНрждрзНрж░ ржмрж▓рзЗ ржЪрж╛рж▓рж┐рзЯрзЗ ржжрж┐ржЪрзНржЫрзЗред,1
ржЧрзНржпрж╛рж╕ ржмрж┐ржжрзНржпрзБрзО рж▓рж╛ржЧржмрзЗ ржирж╛ рждрзЛржжрзЗрж░ ржЖрж╕рж┐рж╕ ржнрж░рзЗ ржжрж┐ржмрзЛ рж╣рж╛рж╕рзБ ржХрзЗ ржирж┐ржпрж╝рзЗ ржЗ ржерж╛ржХрждрзЗ рж╣ржмрзЗ рждрзЛржжрзЗрж░,1
ржорж╛ржжрж╛рж░ржмрзЛрж░рзНржб ржорзЛржжрзАЁЯТпЁЯТеЁЯЩВ,1
ржЖрж▓рзНрж▓рж╛рж╣ ржПржжрзЗрж░ ржХржарж┐ржи ржкрж░рж┐ржирждрж┐ ржжрзЗржЦрж╛ржЗржУ,1
рж╣рж╛рж╕рж┐ржирж╛рж░ ржорзЛржжрж┐рж░ ржЧрж╛рж▓рзЗ ржЧрж╛рж╢рзЗ ржЧрзБ рж▓рж╛ржЧрж┐рзЯрзЗ ржЬрзБрждрж╛ ржорж╛рж░рзЛ рждрж╛рж▓рзЗрждрж╛рж▓рзЗЁЯЗзЁЯЗйтЬК,1
рж╕ржХрж▓ ржнрж╛рж░ржд ржкрзНрж░рзЗржорзАржжрзЗрж░ ржПржЗ ржкрж╛ржирж┐рждрзЗ ржирж┐ржпрж╝рзЗ  ржЪрзБржмрж╛ржирзЛ ржЙржЪрж┐рждредржмрж╛ржВрж▓рж╛ржжрзЗрж╢ ржжржЦрж▓ ржПрж░ ржЙржкржХрзНрж░ржо рж╣рж▓рзЗржУ ржПржжрзЗрж░ ржнрж╛рж░ржд ржкрзНрж░рзЗржо ржХржоржмрзЗ ржирж╛редрждржЦржи ржмрж▓ржмрзЗ ржнрж╛рж▓рзЛржЗ рж╣ржЪрзНржЫрзЗ ржлрзНрж░рж┐рждрзЗ ржЧрзБржбрж╝рждрзЗ ржкрж╛рж░ржмредржПржжрзЗрж░ ржХрзЛржирзЛржжрж┐ржи ржЪрзЛржЦ ржЦрзБрж▓ржмрзЗ ржирж╛ред,1
ржорзЛржжрзАржЬрж┐ ржлрж╛рж░рж╛ржХрзНржХрж╛рж░ ржЧрзЗржЯржЯрж╛ржУ ржЦрзЛрж▓рж╛рж░ ржмрзНржпржмрж╕рзНржерж╛ ржХрж░рзБржиред ржХрж╛ржВрж▓рж╛ржжрзЗрж░ ржмржЩрзНржЧрзЛржкрж╕рж╛ржЧрж░рзЗ ржнрж╛рж╕рж┐рзЯрзЗ ржжрзЗржУрзЯрж╛ рж╣рзЛржХред,1
ржжрж┐рж▓рзНрж▓рж┐рж░ рж╕ржЩрзНржЧрзЗ рж▓ржбрж╝рждрзЗ ржЧрзЗрж▓рзЗ рж╣рж┐ржирзНржжрж┐ ржмрж╛ ржЗржВрж▓рж┐рж╢рзЗ ржХржерж╛ ржмрж▓рждрзЗ рж╣ржмрзЗред ржЖрж░ ржпржжрж┐ ржУржпрж╝рзЗрж╕рзНржЯ ржмрзЗржЩрзНржЧрж▓рзЗрж░ рж╕ржЩрзНржЧрзЗ рж▓ржбрж╝рждрзЗ ржЪрж╛рж╕ рждрж╛рж╣рж▓рзЗ ржмрж╛ржВрж▓рж╛рждрзЗ ржХржерж╛ ржмрж▓рж┐рж╕ ржХрзЛржи рж╕ржорж╕рзНржпрж╛ ржирзЗржЗред ржХрж┐ржирзНрждрзБ ржПржЯрж╛ ржмрж▓рж┐рж╕ ржирж╛ ржХрзЛржиржжрж┐ржиржУ ржпрзЗ ржУржпрж╝рзЗрж╕рзНржЯ ржмрзЗржЩрзНржЧрж▓рзЗрж░ рж▓рзЛржХрзЗрж░ ржХрж╛ржЫрзЗ ржЕржирзЗржХ ржЯрж╛ржЗржо ржЖржЫрзЗ ржпрзЗ рждрж╛рж░рж╛ ржлрж╛рж▓рждрзБ ржлрж╛рж▓рждрзБ ржХржорзЗржирзНржЯ ржХрж░рзЗ ржЖржорж░рж╛ рждрзЛ ржУржпрж╝рзЗрж╕рзНржЯ ржмрзЗржЩрзНржЧрж▓ рж▓рзЛржХрзЗрж░ рж╕ржЩрзНржЧрзЗ рж▓ржбрж╝рждрзЗ ржЪрж╛ржЗ ржирж╛ ржЖржорж░рж╛ рждрзЛ ржжрж┐рж▓рзНрж▓рж┐рж░ рж╕ржЩрзНржЧрзЗ рж▓ржбрж╝рждрзЗ ржЪрж╛ржЗред рждрзЛрж░рж╛ ржоржирзЗ ржХрж░рж┐рж╕ ржмрж╛ржВрж▓рж╛ржпрж╝ ржкрзЛрж╕рзНржЯ ржХрж░рзЗ ржжрж┐рж▓ рж╣рж┐ржирзНржжрж┐ ржмрж╛ ржЗржВрж▓рж┐рж╢рзЗ рж░рж┐ржкрзНрж▓рж╛ржЗ ржЖрж╕ржмрзЗред ржмрж▓ржж ржХрзЛржерж╛ржХрж╛рж░ред,1
ржЬрж╛ржирзЛржпрж╝рж╛рж░,1
ржПржЗржнрж╛ржмрзЗ ржорзБрж╕рж▓рж┐ржоржжрзЗрж░ ржХрзЗ ржнрж╛рж╕рж┐ржпрж╝рзЗ ржжрзЗржпрж╝рж╛ рж╣ржмрзЗ,1
ржПржЦрж╛ржирзЗ ржнрж╛рж░рждрзЗрж░ ржХрж┐ржЫрзБ рзкрж░рзНрже рж╢рзНрж░рзЗржирзАрж░ ржирж╛ржЧрж░рж┐ржХржЧржи ржПрж╕рзЗ ржЧрзЗ ржЧрзЗ ржХрж░ржмрзЗ,1
ржирзЗржбрж╝рзЗ ржжрзЗрж░ ржЬржирзНржп ржарж┐ржХ ржЖржЫрзЗ ржорж╛ржирзБрж╖ рж╣рж▓рзЗ ржжрзБржГржЦ ржкрзЗрждрж╛ржо,1
ржПржЧрзБрж▓рзЛ ржнрж╛рж░рждрзЗрж░ ржжрзЛрж╖ ржирж╛ржжрзЛрж╖рзА ржУрж░рж╛ ржпрж╛рж░рж╛ ржЧрзЛрж▓рж╛ржорзА ржХрж░рждрзЗ ржкржЫржирзНржж ржХрж░рзЗржмрж╛ржВрж▓рж╛ржжрзЗрж╢ рзлрзирзлрзй ржмрзОрж╕рж░ рж╣рзЛрж▓ ржХрж┐ржирзНрждрзБ ржнрж╛рж░рждрзЗрж░ ржПржЗ ржирж░ржкрж╢рзБрж░ ржЦрзЗрж▓рж╛ ржмржирзНржз ржХрж░рждрзЗ ржкрж╛рж░рж▓рзЛржирж╛ржмрж╛ржВрж▓рж╛ржжрзЗрж╢рзЗрж░ ржХрзЛржЯрж┐ ржХрзЛржЯрж┐ ржЯрж╛ржХрж╛ ржкрж╛ржЪрж╛рж░ рж╣рзЯрзЗржЫрзЗ ржПржЗ ржЕрж░рзНрже ржжрж┐рзЯрзЗ ржнрж╛рж░рждрзЗрж░ ржорждрзЛ рж╕рзБржЗржЬржЧрзЗржЯ рззрзжржЯрж╛ ржмрж╛ржирж╛ржирзЛ ржпрзЗрждрзЛржЖржлрж╕рзЛрж╕ ржмрж╛ржВрж▓рж╛ржжрзЗрж╢рзЗрж░ ржПржХржорж╛рждрзНрж░ ржирзАрждрж┐ржмрж╛ржи ржжрж▓ ржЬрж╛ржорж╛ржд ржПрж░рж╛ ржжрзЗрж╢рзЗрж░ ржХрж▓рзНржпрж╛ржирзЗ ржХрж╛ржЬ ржХрж░рзЗ ржмрж╛ржХрж┐ржЧрзБрж▓рзЛ ржмрж╛ржмрж╛ ржорзБржХрзНрждрж┐ржпрзБржжрзНржмрзЗрж░ ржжрзЛрж╣рж╛ржЗ ржжрж┐рзЯрзЗ ржжрзЗрж╢ржХрзЗ рж▓рзБржЯрзЗржЫрзЗ,1
ржпрзЗ ржпржд ржнрж╛рж░ржд ржмрж┐рж░рзЛржзрзАрж╕рзЗ рждржд ржжрзЗрж╢ ржкрзНрж░рзЗржорж┐ржХред,1
ржЖржкржирж╛ржжрзЗрж░ ржирзМрж╕рзЗржирж╛ ржмрж╛ржпрж╝рзБрж╕рзЗржирж╛ ржПрж░рж╛ ржХрж┐ ржХрж░ржЫрзЗ рж╕рж╛ржзрж░ржг ржорж╛ржирзБрж╖ ржПрж╕ржм рж░рзЗрж╕ржХрж┐ржЙ ржкрж╛рж░рзЗ ржХрж░рждрзЗ ржПрж╕ржм ржХрзНрж╖рзЗрждрзНрж░рзЗ ржПржиржбрж┐ржЖрж░ржПржл  ржПрж░ ржЯрж┐ржо ржжрж░ржХрж╛рж░ рж╣ржпрж╝ред рж╢рзБржзрзБ ржЗржирзНржбрж┐ржпрж╝рж╛ ржХрзЗржЗ ржжрзЛрж╖ ржжрж┐ржпрж╝рзЗ ржпрж╛ржи ред ржЖржкржирж╛ржжрзЗрж░ ржирзЗрждрж╛ ржЧрзБрж▓рзЛржУ ржЖржкржирж╛ржжрзЗрж░ рж╕рзБржпрзЛржЧ ржирзЗржпрж╝ред ржХрзЛржирзЛ ржжрж╛ржпрж╝рж┐рждрзНржм ржирзЗржЗ ред ржлрзЗрж╕ржмрзБржХрзЗ ржПржирзНржЯрж┐ ржЗржирзНржбрж┐ржпрж╝рж╛ ржжрзБржЯрзЛ ржкрзЛрж╕рзНржЯ ржХрж░рзЗ ржирж┐рж╢рзНржЪрж┐ржирзНрждрзЗ ржШрзБржорж╛ржЪрзНржЫрзЗред ржЗржпрж╝рж╛рж░рзНржХрж┐ ржПржЧрзБрж▓рзЛ ржЖрж░ ржЖржкржирж╛рж░рж╛ржУ ржирж┐ржЬрзЗрж░ ржоржи ржХрзЗ рж╕рж╛ржирзНрждржирж╛ ржжрж┐ржЪрзНржЫрзЗржи ржПржЧрзБрж▓рзЛ рждрзЛ  ржЗржирзНржбрж┐ржпрж╝рж╛ ржХрж░ржЫрзЗ ред ржПржЗржмржЫрж░ рж▓рж╛ ржирж┐ржирж╛рж░ ржпрзЗ ржПржлрзЗржХрзНржЯ ржкржбрж╝рждрзЗ ржкрж╛рж░рзЗ ржЕржЧрж╛рж╖рзНржЯ рж╕рзЗржкрзНржЯрзЗржорзНржмрж░ ржорж╛рж╕рзЗ ржЖржкржирж╛ржжрзЗрж░ ржЖржмрж╣рж╛ржУржпрж╝рж╛ ржжржкрзНрждрж░ ржЬрж╛ржиржд ржирж╛ рждрж╛рж░рж╛ ржХрзЗржирзЛ ржиржжрзАрж░ ржЙржкржХрзВрж▓ржмрж░рзНрждрзА ржЕржЮрзНржЪрж▓ ржПрж░ ржорж╛ржирзБрж╖ ржжрзЗрж░ ржЖржЧрзЗ ржерзЗржХрзЗ рж╕рж╛ржмржзрж╛ржи ржХрж░рзЗржирж┐ ржпржЦржи ржЖржкржирж╛ржжрзЗрж░ ржЬрзАржмржи ржирж┐ржпрж╝рзЗ ржЖржкржирж╛ржжрзЗрж░ рж╕рж░ржХрж╛рж░рзЗрж░ ржЗ ржжрж╛ржпрж╝ ржирзЗржЗ рж╕рзЗржЦрж╛ржирзЗ ржЗржирзНржбрж┐ржпрж╝рж╛рж░ ржерзЗржХрзЗ ржЖрж╢рж╛ ржХрж░рзЗржи ржХрж┐ ржХрж░рзЗ ржжрзБржжрж┐ржи рж╣ржпрж╝рзЗ ржЧрзЗрж▓рзЛред ржХрзЛржирзЛ рж░рзЗрж╕ржХрж┐ржЙ ржЕржкрж╛рж░рзЗрж╢ржи ржирзЗржЗ ржЖржкржирж╛ржжрзЗрж░ рж╕рж░ржХрж╛рж░рзЗрж░ ред ржЖрж░ ржУ ржЗржирзНржбрж┐ржпрж╝рж╛ ржХрзЗ ржЧрж╛рж▓рж╛ржЧрж╛рж▓рж┐ ржжрж┐ржиред ржПрж░ржкрж░ ржжрзЗржЦржмрзЗржи ржЖржкржирж╛ржжрзЗрж░ рж╕рж░ржХрж╛рж░ ржерзЗржХрзЗржЗ ржЗржирзНржбрж┐ржпрж╝рж╛рж░ рж╣рзЗрж▓рзНржк ржЪрж╛ржЗржЫрзЗред ржХрж┐ржЪрзНржЫрзБ ржмрж▓рж╛рж░ ржирзЗржЗ ржЖржкржирж╛ржжрзЗрж░ред,1
ржПржЦрж╛ржирзЗ ржнрж╛рж░рждрзЗрж░ ржХрж┐ ржжрзЛрж╢,1
ржмржЙрзЯрзЗрж░ ржХржерж╛ рждрзЛ рж░рж╛ржЦрждрзЗржЗ рж╣ржмрзЗ,1
ржПржЦржи рж╕ржмрж╛ржЗ ржнрж╛рж░рждржХрзЗ ржнрж╛рж▓рзЛржмрж╛рж╕рзЗ ржмржирзНржзрзБ ржмрж▓ржмрзЗред ржХрзЯржжрж┐ржи ржЖржЧрзЗ ржпрж╛рж░рж╛ ржнрж╛рж░рждрзЗрж░ ржЬрж▓ржмрж┐ржжрзНржпрзБрзО ржкрзНрж░ржХрж▓рзНржк ржкрж╛ржирж┐рждрзЗ ржнрзЗржВржЧрзЗ ржЧрж┐рзЯрзЗржЫрзЗ ржирж┐ржЙржЬ рж╢рзБржирзЗ ржЦрзБрж╢рж┐рждрзЗ  ржЖрж▓рж╣рж╛ржоржжрзБрж▓рж┐рж▓рзНрж▓рж╛рж╣ ржПржмржВ ржИржж ржорзБржмрж╛рж░ржХ рж▓рж┐ржЦрзЗржи рждрж╛рж░рж╛ ржПржЦржи ржХржЗ,1
ржзржирзНржпржмрж╛ржж ржорзЛржжрж┐ ржЬрж┐ржПржмрж╛рж░рзЗ ржмрзБржЭржмрзЗ ржжрж╛рж▓рж╛рж▓ ржЗржЙрж╕рзБржл ржирж┐ржЬрзЗрж░ ржУржХрж╛ржж редредржЦрзБржм рж▓рж╛ржлрж╛ржЪрзНржЫрж┐рж▓ редредрждрж┐рж╕рзНрждрж╛ ржЖрж░ ржлрж╛рж░рж╛ржХрзНржХрж╛рж░ ржкрж╛ржирж┐ржУ ржЫрзЗржбрж╝рзЗ ржжрзЗржУржпрж╝рж╛рж░ ржЬржирзНржп ржЕржирзБрж░рзЛржз ржХрж░ржЫрж┐ ЁЯЩПЁЯЩП,1
ржирж╛рж╕рзНрждрж┐ржХржЯрж╛рж░ ржмрж┐ржЪрж╛рж░ ржЖрж▓рзНрж▓рж╛рж╣ ржХрж░ржмрзЗ,1
ржЖрж▓рзНрж▓рж╛рж╣ ржПржХржжрж┐ржи ржмрж╛ржВрж▓рж╛ржжрзЗрж╢ржХрзЗ ржмрж┐ржкржж ржерзЗржХрзЗ рж░ржХрзНрж╖рж╛ ржХрж░ржмрзЗ ржХрж┐ржирзНрждрзБ рждрзБржЗ ржХрзБрждрзНрждрж╛рж░ ржмрж╛ржЪрзНржЪрж╛ рж╕рж╛рж░рж╛ ржЬрзАржмржи ржмрж╛ржВрж▓рж╛ржжрзЗрж╢рзЗрж░ ржХрж╛ржЫрзЗ ржиржжрзА ржжрж╕рзНржпрзБ рж╣ржпрж╝рзЗ ржерж╛ржХржмрж┐ред,1
ржПржЦржи ржнрж╛рж░рждрзЗрж░ ржЧржгржорж╛ржзрзНржпржо ржЧрзБрж▓рзЛ ржПрж╕ржм  ржХрзЗржи ржкрзНрж░ржЪрж╛рж░ ржХрж░ржЫрзЗ ржирж╛ ржЖрж░ ржмрж▓ржЫрзЗржирж╛ ржнрж╛рж░рждрзЗрж░ ржХрж╛рж░ржирзЗ ржмрж╛ржВрж▓рж╛ржжрзЗрж╢рзЗрж░ ржХрждрзЛ ржХрзНрж╖ржпрж╝ржХрзНрж╖рждрж┐ рж╣ржЪрзНржЫрзЗред,1
ржоржжрж┐рж░рзЗ ржжрзБржЪрж┐,1
ржкржжрзНржорж╛ рж╕рзЗрждрзБ ржпржжрж┐ рж╣ржЗрждрзЗ ржкрж╛рж░рзЗ рждржмрзЗ ржмрж╛ржзржБржУ рж╣ржЗрждрзЗ ржкрж╛рж░рзЗржПржмрж╛рж░ рждрж╛рж╣рж▓рзЗ ржмрж╛ржзрзЗржБрж░ рж╕рж╛ржоржирзЗ ржмрж╛ржзржБржЗ рж╣ржЙржХтЬКЁЯЗзЁЯЗй,1
ржорзЛржжрж┐ ржПржХржЯрж╛ ржкрж╛ржХрж╛ ржЦржгрж┐ржХрзЗрж░ ржЫрзЗрж▓рзЗред,1
ржПржжрзЗрж░ ржЙржкрж░ ржЖрж▓рзНрж▓рж╛рж╣рж░ ржЧржЬржм ржкрж░рзЗ ржирж╛,1
рж╣рж╛рж╣рж╛ ржжрзЗрзЯрж╛ рж╕ржмрж╛ржЗ рж╣рж┐ржирзНржжрзБредржмрж╛ржВрж▓рж╛ржжрзЗрж╢рзА рж╣рж┐ржирзНржжрзБрж░рж╛ржУ ржЖржЫрзЗ ржПрждрзЗредржПрж░рж╛ржЗ ржЖржмрж╛рж░ ржнрж┐ржХрзНржЯрж┐ржо ржЧрзЗржо ржЦрзЗрж▓рзЗред ржЖржЧрзЗржУ ржмрж▓рзЗржЫрж┐ ржмрж╛ржВрж▓рж╛ржжрзЗрж╢рзА рж╣рж┐ржирзНржжрзБрж░рж╛ ржХржЦржирзЛржЗ ржмрж╛ржВрж▓рж╛ржжрзЗрж╢ржХрзЗ ржирж┐ржЬрзЗрж░ ржжрзЗрж╢ ржоржирзЗ ржХрж░рзЗ ржирж╛,1
,1
ржнрж╛рж░рждрзАрзЯ рж╕ржХрж▓ ржкржгрзНржп  ржмржпрж╝ржХржЯ  ржХрж░рж╛ рж╣ржХ,1
ржмрзЛржХрж╛ржЪрзЛржжрж╛ржоржорждрж╛ ржХрзЗ ржЧрж╛рж▓рж┐ ржжрзЗ ржорзЛржжрж┐ржХрзЗ ржирж╛ ржорзВрж░рзНржЦ ржЪрзЛржжрж╛ред,1
ржжрж╛ржжрж╛рж░рж╛ рждрж╛ржжрзЗрж░ ржжрзЗрж╢рзЗрж░ ржнрж╛рж▓ ржХрж░ржмрзЗ ржХрзЗ ржорж░рж▓рзЛ ржмрж╛ржЪрж▓рзЛ рж╕рзЗржЯрж╛ ржжрзЗржЦрзЗ ржирж╛ ржарж┐ржХржХрж┐ржирзНрждрзБ ржЖржорж╛ржжрзЗрж░ ржжрзЗрж╢рзЗ ржиржжрзА ржирж╛рж▓рж╛ ржЦрж╛рж▓ ржмрж┐рж▓ ржжржЦрж▓ ржХрж░рзЗ  ржкрж░рж┐ржХрж▓рзНржкржирж╛рж╣рзАржи ржнржмрзЗ ржмрзНрж░рж┐ржЬ ржХрж╛рж▓ржнрж╛ржЯ рждрзИрж░рж┐ ржХрж░рзЗржЫрзЗ ржиржжрзА ржЦржиржирзЗ рж╣рж╛ржЬрж╛рж░ ржХрзЛржЯрж┐ ржЯрж╛ржХрж╛ рж▓рзЛржкрж╛ржЯ ржХрж░рзЗржЫрзЗ ржжрзЛрж╖ржЯрж╛ рждрж╛ржжрзЗрж░ржиржжрзА ржЦрзЗржХрзЛржжрзЗрж░ ржПржЦржи ржмржирзНржпрж╛рж░ ржкрж╛ржирж┐рждрзЗ ржЫрзЗрзЬрзЗ ржжрж┐рждрзЗ рж╣ржмрзЗ,1
рждрж╛рж░ ржУ ржпрзЗ ржХрж┐ рж╣ржмрзЗ ржЙржкрж░ ржУрзЯрж╛рж▓рж╛ржЗ ржЬрж╛ржирзЗред,1
рж╕ржорзЯ ржПрж╕рзЗржЫрзЗ ржнрж╛рзЬрждржХрзЗ рждрж╛ржжрзЗрж░ рж╣рж┐рж╕рж╛ржм ржХрзЬрж╛рзЯ ржЧржирзНржбрж╛рзЯ ржмрзБржЭрж┐рзЯрзЗ ржжрзЗржУрзЯрж╛рж░ред,1
ржЧрждржХрж╛рж▓ ржкрзНрж░ржмрж▓ ржмрж░рзНрж╖ржгрзЗ ржнрж╛рж░рждрзЗрж░ рждрж┐рж╕рзНрждрж╛ ржиржжрзАрж░ ржЬрж▓ржмрж┐ржжрзНржпрзБржд ржкрзНрж░ржХрж▓рзНржк ржнрзЗржЩрзЗ ржзрж╕рзЗ ржпрж╛ржУрзЯрж╛рж░ рж╕ржВржмрж╛ржжрзЗ ржХрж┐ржЫрзБ ржорж╛ржирзБрж╖ ржЖрж▓рж╣рж╛ржоржжрзБрж▓рж┐рж▓рзНрж▓рж╛рж╣рзНтАМ рж▓рж┐ржЦрзЗржЫрж┐рж▓рзЛ ржЦрзБрж╢рж┐ рж╣рзЯрзЗржЫрж┐рж▓рзЛред ржЕржержЪ ржПржЯрж╛ ржмрзЛржЭрзЗржирж╛ рждрзЛржорж░рж╛ ржнрж╛ржЯрж┐рж░ ржжрзЗрж╢рзЗрж░ ржорж╛ржирзБрж╖ред ржР ржЬрж▓ ржЧрзЬрж┐рзЯрзЗ ржмрж╛ржВрж▓рж╛ржжрзЗрж╢рзЗрж░ ржЙржкрж░ ржжрж┐рзЯрзЗржЗ ржкрзНрж░ржмрж╛рж╣рж┐ржд рж╣ржмрзЗред рждрзНрж░рж┐ржкрзБрж░рж╛рж░ ржбрзБржорзНржмрзБрж░ ржЧрзЗржЯ ржЦрзБрж▓рзЗ ржжрж┐рждрзЗ ржмрж╛ржзрзНржп рж╣рзЯрзЗржЫрзЗ ржнрж╛рж░ржд рждрж╛рж░рж╛ ржЧрждржХрж╛рж▓ рж╕рж╛рж░рж╛ржжрж┐ржи ржЕржкрзЗржХрзНрж╖рж╛ ржХрж░рзЗржЫрзЗред рж░рж╛рждрзЗ ржЕржмрж╕рзНржерж╛ ржПрждржЯрж╛ржЗ ржЦрж╛рж░рж╛ржкрзЗрж░ ржжрж┐ржХрзЗ ржпрж╛ржЪрзНржЫрж┐рж▓рзЛ ржпрзЗ ржЧрзЗржЯ ржЦрзБрж▓рзЗ ржирж╛ ржжрж┐рж▓рзЗ ржЬрж▓рзЗрж░ рждрзАржмрзНрж░ рж╕рзНрж░рзЛрждрзЗ ржЧрзЗржЯ ржнрзЗржЩрзЗ ржЬрж▓ ржмрж╛ржВрж▓рж╛ржжрзЗрж╢рзЗ ржкрзНрж░ржмрзЗрж╢ ржХрж░рждред ржПрждрзЗ ржХрзНрж╖рзЯржХрзНрж╖рждрж┐рж░ ржкрж░рж┐ржорж╛ржг рж╣рждрзЛ ржЖрж░рзЛ ржмрзЗрж╢рзАред ржмрж╛ржВрж▓рж╛ржжрзЗрж╢ ржорж╛ржирзЗржЗ ржЕрж╢рж┐ржХрзНрж╖рж╛рж░ ржЕржирзНржзржХрж╛рж░ред,1
ржирж░рзЗржирзНржжрзНрж░ ржорзЛржжрзА рждрзБржЗ ржПржХржжрж┐ржи ржПржЗ ржиржжрзАрждрзЗ ржбрзБржмрзЗ ржорж░ржмрж┐ред,1
ржкрж╛ржирж┐ рж╕рзНржмрж╛ржнрж╛ржмрж┐ржХ ржкрже ржзрж░рзЗ ржЖрж╕рзЗред ржПржЦрж╛ржирзЗ ржЬрж▓ ржЖрж╕ржмрзЗред ржЖрж╕ржмрзЗ  ржЕрж╕рзНрждрзНрж░ ржУ рж╣рж╛ржорж▓рж╛ рж╣рж┐рж╕рзЗржмрзЗред рж╣рж╛ржорж▓рж╛ ржмржЯрзЗржХрж┐ржирзНрждрзБ ржЕрж╕рзНржмрзАржХрзГрждред рждрж╛ржжрзЗрж░ ржЖржЫрзЗ ржЬрж▓ ржЖржорж╛ржжрзЗрж░ ржЖржЫрзЗ рж╕рж╛ржд ржмрзЛржирзЗрж░ ржмржирзНржзрзБрж░рж╛ржпрж╛рж░рж╛ ржЖржорж╛ржжрзЗрж░ ржкрж╛рж╢рзЗ ржкрзЗрждрзЗ  ржЪрж╛рзЯред рждрж╛ржжрзЗрж░ рж╕рж╛ржерзЗ ржЖржорж░рж╛ ржмржирзНржзрзБрждрзНржмржХрзЗ ржХрж░ржмрзЛ ржкрзНрж░ржЧрж╛рзЭред ржкрзНрж░рзЯрзЛржЬржирзЗ рззрзжрзж ржЯрзНржЯрж╛ржХ ржнрж░рзНрждрж┐ ржмржирзНржзрзБрждрзНржм ржкрж╛ржарж╛ржмрзЛредрждрзЛржорж░рж╛ ржЖржорж╛ржжрзЗрж░ ржжрзЗржмрзЗ ржЬрж▓ржЖржорж░рж╛ ржмрж┐ржирж┐ржорзЯрзЗ ржжрзЗржмрзЛ ржЯрзНржЯрж╛ржХред ржмржирзНржзрзБрждрзНржм рж╕ржорж╛ржирзЗ рж╕ржорж╛ржиредржХржмрж┐ ржорзБрж╕рж╛ ржЖрж▓ рж╣рж╛ржлрж┐ржЬ рж▓рж┐ржЦрзЗржЫрзЗржи,1
ржЗржирж╢рж╛ржЖрж▓рзНрж▓рж╛рж╣редржПржЗ рж╕ржорж╕рзНржпрж╛рж░ ржорзЛржХрж╛ржмрж┐рж▓рж╛  ржЬржиржЧржи ржпрзЗ ржпрж╛ ржкрж╛рж░рзЗ рж╕рзЗржЗ ржнрж╛ржмрзЗ рж╕рж╛рж╣рж╛ржпрзНржп ржХрж░ржмрзЗредрз╖ ржХрзЗржЙ рж╢рзНрж░ржо ржжрж┐рзЯрзЗ ржХрзЗржЙ ржЯрж╛ржХрж╛ ржжрж┐рзЯрзЗред ржнрж╛рж░ржд ржПрж░ ржирж┐ржЪрзБ ржоржи ржирзЯред ржХрж╛рж░ржи рж╣рж▓рзЛ ржЧрждрзЛ ржЬрзБрж▓рж╛ржЗ ржорж╛рж╕рзЗрж░ ржирзГрж╢ржВрж╕ ржЧржирж╣рждрзНржпрж╛рж░ ржлрзЛржХрж╛рж╕ ржерзЗржХрзЗ ржорж╛ржирзБрж╖ ржХрзЗ ржжрзБрж░рзЗ рж╕рж░рж╛ржирзЛред ржПржЗ ржмржирзНржпрж╛ рж╣рж▓рзЛ рж░рж╛ржЬржирзИрждрж┐ржХ ржХрзМрж╢рж▓ред ржХрж╛рж░ржи ржЧрждрзЛ ржЬрзБрж▓рж╛ржЗ ржорж╛рж╕рзЗрж░ ржирзНржпрж╛ржХрж╛рж░ ржЬржиржХ ржШржЯржирж╛ ржерзЗржХрзЗ ржорж╛ржирзБрж╖ ржХрзЗ ржжрзБрж░рзЗ рж╕рж░рж┐рзЯрзЗ ржирзЗржУрзЯрж╛рж░ ржХрзМрж╢рж▓ред  ржпрзЗ ржХрзМрж╢рж▓ рж╣рж╛рж╕рж┐ржирж╛ ржПржмржВ ржорзБржжрж┐ ржорж┐рж▓рзЗ ржПржЗ ржХрж░ржЫрзЗред ржмржирзНржпрж╛рж░ ржкрж╛ржирж┐ ржжрж┐рзЯрзЗ ржЖржорж╛рж░ ржЫрж╛рждрзНрж░ ржЬржирждрж╛рж░ рждрж╛ржЬрж╛ рж░ржХрзНржд ржзрзЛрзЯрж╛рж░ ржЕржкржЪрзЗрж╖рзНржЯрж╛ ржЫрж╛рж░рж╛ ржЖрж░ ржХрзЛржи рж░рж╛ржЬржирзИрждрж┐ржХ ржХрж╛рж░ржи ржирзЗржЗред рж╕ржмрж╛ржЗ рж╕рж╛ржмржзрж╛ржиред  ржХрзЗржЙ ржЬрзБрж▓рж╛ржЗ ржорж╛рж╕рзЗрж░ ржлрзЛржХрж╛рж╕ ржерзЗржХрзЗ рж╕рж░ржмрзЗржи ржирж╛редредредред ржЖржорж╛рж░рж╛ ржПржЗ рж░ржХржо ржмржирзНржпрж╛ ржЖрж░рзЛ ржЖржЧрзЗ ржУ ржорзЛржХрж╛ржмрж┐рж▓рж╛ ржХрж░ржЫрж┐ред ржПржЗ ржЧрзБрж▓рзЛ ржУ ржХрж░рждрзЗ ржкрж╛рж░ржмрзЛред ржЗржирж╢рж╛ржЖрж▓рзНрж▓рж╛рж╣редрж╕ржмрж╛ржЗ ржжрзЯрж╛ ржХрж░рзЗ ржЬрзБрж▓рж╛ржЗ ржорж╛рж╕рзЗрж░ ржирзГрж╢ржВрж╕ ржЧржирж╣рждрзНржпрж╛рж░ ржлрзЛржХрж╛рж╕ ржерзЗржХрзЗ рж╕рж░ржмрзЗржи  ржирж╛редржПржЗ ржЖржХрж╕рзНржорж┐ржХ ржмржирзНржпрж╛рж░ ржХрж╛рж░ржи рж╣рж▓рзЛ ржЬрзБрж▓рж╛ржЗ ржорж╛рж╕рзЗрж░ ржирзГрж╢ржВрж╕ ржЧржирж╣рждрзНржпрж╛рж░ ржлрзЛржХрж╛рж╕ ржерзЗржХрзЗ ржЫрж╛рждрзНрж░ ржЬржирждрж╛ржХрзЗ рж╕рж░рж╛рждрзЗ ржЪрж╛ржЪрзНржЫрзЗред,1
ржнрж╛рж░рждрзЗ ржмржирзНржпрж╛ рж╣рзЯ ржХрзЗржи ржЧржЬржмржмрж╛ржВрж▓рж╛ржжрзЗрж╢рзЗ ржмржирзНржпрж╛ рж╣рзЯ ржХрзЗржи ржнрж╛рж░рждрзЗрж░ ржХрж╛рж░ржгрзЗржкрж╛ржХрж┐рж╕рзНрждрж╛ржи ржЖржлржЧрж╛ржирж┐рж╕рзНрждрж╛ржирзЗ ржмржирзНржпрж╛ рж╣рзЯ ржХрзЗржи ржкрж░рзАржХрзНрж╖рж╛ржжрзБржмрж╛ржЗрзЯрзЗ ржмржирзНржпрж╛ рж╣рзЯ ржХрзЗржи ржоржирзНржжрж┐рж░ ржмрж╛ржирж╛ржирзЛрж░ ржХрж╛рж░ржгрзЗрж╕рзМржжрж┐рждрзЗ ржмржирзНржпрж╛ рж╣рзЯ ржХрзЗржи рж╕рж┐ржирзЗржорж╛рж╣рж▓ ржмрж╛ржирж╛ржирзЛрж░ ржХрж╛рж░ржгрзЗржПржЯрж╛ржЗ рж╣рж▓рж╛ржо ржЖржорж░рж╛рж╢рж┐ржХрзНрж╖рж┐ржд ржЬрж╛рждрж┐редредржкрзЬрж╛рж╢рзЛржирж╛ ржХрж░рзЗ ржПржЗрж╕ржм ржмрзБржЭрж▓рж╛ржоЁЯТФ,1
ржУржЗржЦрж╛ржирзЗ ржХрж┐ рж╣рж┐ржирзНржжрзБ ржмрж╛ржбрж╝рж┐ ржЫрж┐рж▓рзЛ ржирж╛,1
ржЖрж▓рзНрж▓рж╛рж╣рж░ ржЧржЬржм ржЕржмрж╢рзНржпржорзНржнрж╛ржмрзА,1
тА╝я╕П ржнрж╛рж░рждрзЗрж░ ржПржоржи ржПржХржЯрж╛ ржорж╛ржирзБрж╖ржУ ржжрзЗржЦрж▓рж╛ржо ржирж╛ ржпрзЗ ржХржорзЗржирзНржЯрзЗ ржнрж╛рж▓рзЛ ржмрзНржпрж╛ржмрж╣рж╛рж░ ржХрж░рзЗ ржЧрзЗржЫрзЗ ржПрж░рж╛ ржорж╛ржирзБрж╖ ржирж╛ржорзЗ ржЕржирзНржп ржХрж┐ржЫрзБ,1
рзз ржЖржирзНрждрж░рзНржЬрж╛рждрж┐ржХ ржЖржжрж╛рж▓рждрзЗ ржорж╛ржорж▓рж╛ ржХрж░рждрзЗ рж╣ржмрзЗ рзи ржЬрж╛рждрж┐рж╕ржВржШрзЗ рж╕ржХрж▓ ржмрж╛ржБржз ржкрзНрж░рждрзНржпрж╛рж╣рж╛рж░рзЗрж░ ржжрж╛ржмрж┐ ржЬрж╛ржирж╛рждрзЗ рж╣ржмрзЗредрзй ржПрж░ржкрж░рзЗржУ ржХрж╛ржЬ ржирж╛ рж╣рж▓рзЗ рж╕рж╛ржорж░рж┐ржХ ржЕржнрж┐ржпрж╛ржи ржЪрж╛рж▓рж┐рзЯрзЗ рж╕ржХрж▓ ржмрж╛ржБржз ржЧрзБрзЬрж┐рзЯрзЗ ржжрж┐рждрзЗ рж╣ржмрзЗ ржПржмржВ ржкрзНрж░рзЯрзЛржЬржирзЗ ржпрзБржжрзНржзрзЗрж░ ржкрзНрж░рж╕рзНрждрзБрждрж┐ ржирж┐рждрзЗ рж╣ржмрзЗред ржПржнрж╛ржмрзЗ рж╕ржм ржмрж╛ржБржз ржЦрзБрж▓рзЗ ржжрзЗржУрзЯрж╛ ржмрж╛ржВрж▓рж╛ржжрзЗрж╢рзЗ рж╣рж╛ржорж▓рж╛рж░ рж╕ржорждрзБрж▓рзНржп,1
рж╣рж╛рж╕рзБрж░ рж╕рж╛ржерзЗ рж░рж╛рждрзЗ ржмрж┐ржЫрж╛ржирж╛рзЯ рж╢рзБрзЯрзЗ ржХрж░рж╛ ржкрзНрж░рждрж┐рж╢рзНрж░рзБрждрж┐ ржмрж╛рж╕рзНрждржмрж╛рзЯржи ржХрж░ржЫрзЗ ржорзЛржжрж┐ред,1
ржкржмрж┐рждрзНрж░ ржХрж╛ржмрж╛ рж╕рж╛ржерзЗ ржХрж┐ржЫрзБ рждрзБрж▓ржирж╛ ржХрж░рж╛ ржмржХрж╛ржорж┐ ржЫрж╛рзЬрж╛ ржЖрж░ ржХрж┐ржЫрзБржЗ ржирзЯ ржЕржмрж╢рзНржпржЗ ржПржЯрж╛ ржкрзГржерж┐ржмрзАрж░ рж╕ржмржЪрзЗржпрж╝рзЗ рж╕рзЗрж░рж╛ рж╕рзНржерж╛ржи ред ржкрзНрж░ржХрзГрждрж┐ржХ рж╕рзБржирзНржжрж░рзНржп ржжрж┐ржХ ржжрж┐ржпрж╝рзЗ ржХржХрзНрж╕ржмрж╛ржЬрж╛рж░рзЗрж░ ржорзЗрж░рж┐ржи ржбрзНрж░рж╛ржЗржм ржЗ ржЖржорж╛рж░ ржоржи ржХрж╛рж░рзЗтЭдя╕П,0
ржЕржнрж┐ржиржирзНржжржи ржкрзНрж░рж┐рзЯ ржнрж╛ржЗ тЭдя╕ПЁЯе░,0
ржЫрзЛржЯ ржмржбрж╝ рж╕ржм рж╕ржоржпрж╝ рж╕ржмрж╛рж░ ржкрж╛рж╢рзЗ ржЖржЫрж┐ ржЗржирж╢рж╛рж▓рзНрж▓рж╛рж╣ ЁЯе░тЭдя╕П,0
ржарж┐ржХ ржЖржЫрзЗ,0
ржкрзНрж░рж┐ржпрж╝ ржЬрж╛ржпрж╝ржЧрж╛ ржоржХрзНржХрж╛ ржоржжрж┐ржирж╛ЁЯе░тЭдя╕П,0
ржкрзГржерж┐ржмрзАрж░ ржоржзрзНржпрзЗ рж╕ржмржЪрзЗржпрж╝рзЗ ржкрзНрж░рж┐ржпрж╝ ржЬрж╛ржпрж╝ржЧрж╛ ржХржХрзНрж╕ржмрж╛ржЬрж╛рж░ рж╣ржпрж╝ ржХрзЗржоржирзЗ,0
ржПржХ ржПржХржЬржирзЗрж░ ржкржЫржирзНржж ржПржХрзЗржХ рж░ржХржо рж╣ржУржпрж╝рж╛ржЯрж╛ржЗ рж╕рзНржмрж╛ржнрж╛ржмрж┐ржХ ┘Е╪з ╪┤╪з╪б ╪з┘Д┘Д┘З,0
рж╢рзЛржпрж╝рж╛ржЗржм ржмрж┐ржи рж╢ржлрж┐ржХ ржмрж┐ржнрж┐ржирзНржи ржЬржиржХрзЗ ржмрж┐ржнрж┐ржирзНржи ржЬрж╛ржпрж╝ржЧрж╛ ржнрж╛рж▓рзЛ рж▓рж╛ржЧрзЗ,0
рж╢рзЛржпрж╝рж╛ржЗржм ржмрж┐ржи рж╢ржлрж┐ржХ ржнрж╛ржЗ ржУржирж╛рж░ рж▓рзЗржЦрж╛ ржЖржмрж╛рж░ ржжрзЗржЦрждрзЗ ржкрж╛рж░рзЗржи,0
рж╢рзЛржпрж╝рж╛ржЗржм ржмрж┐ржи рж╢ржлрж┐ржХ  ржЖржорж┐ржУ ржмрзБржЭрж▓рж╛ржоржирж╛,0
ржЕржнрж┐ржиржирзНржжржи,0
ржЗржжрзНрж░рж┐рж╕ ржнрж╛ржЗ 01 ржЖржкржирж╛рж░ ржнрж╛рж▓рзЛржмрж╛рж╕рж╛ ржЪрж╛ржЗ ржнрж╛ржЗ ЁЯЩПЁЯЩП,0
ржПржд ржжрж┐ржи ржмрж▓рзЗржЫрзЗржи ржкрзГржерж┐ржмрзАрж░ ржоржжрзНржзрзЗ рж╕ржм ржерзЗржХрзЗ ржкрзНрж░рж┐рзЯ ржЬрж╛рзЯржЧрж╛ ржоржжрж┐ржирж╛ ржПржЦржи ржХржХрзНрж╕ржмрж╛ржЬрж╛рж░ рж╣рзЯрзЗ ржЧрзЗрж▓рзЛ ржмрзБржЭрж┐ржирж╛ржлрж╛рж╕рзНржЯ ржХржорзЗржирзНржЯ,0
тЭгя╕П,0
ЁЯТЮЁЯТЮЁЯТЮ ржХржХрзНрж╕ржмрж╛ржЬрж╛рж░рзЗ ржЖржкржирж╛ржХрзЗ рж╕рзНржмрж╛ржЧрждржо ЁЯОЛ,0
ржнрж╛ржЗ ржЖржкржирж╛рж░ рж╕рж╛ржерзЗ ржжрзЗржЦрж╛ ржХрж░рзЗржд ржЪрж╛рзЯ ржХржХрзНрж╕ржмрж╛ржЬрж╛рж░ ржЖржЫрж┐,0
ржорж╛рж╢рж╛ржЖрж▓рзНрж▓рж╛рж╣ ржЖрж▓рж╣рж╛ржоржжрзБрж▓рж┐рж▓рзНрж▓рж╛рж╣ ржЖрж▓рж╣рж╛ржоржжрзБрж▓рж┐рж▓рзНрж▓рж╛рж╣ ржЪрзБржорзНржорж╛ ржЖрж▓рж╣рж╛ржоржжрзБрж▓рж┐рж▓рзНрж▓рж╛рж╣,0
ржкрзНрж░рж┐рзЯ ржЬрж╛рзЯржЧрж╛ ржирж╛ ржоржХрзНржХрж╛ ржоржжрж┐ржирж╛ ржХржХрзНрж╕ржмрж╛ржЬрж╛рж░ рж╣рж▓рзЛ ржХржмрзЗ ржерзЗржХрзЗ,0
тЭдя╕ПтЭдя╕ПтЭдя╕П,0
ржнрж╛ржЗ рж╕рж╛ржЗржХрзЗрж▓ ржжрж┐рзЯрзЗ рж╣ржЬ ржХрж░рждрзЗ ржЬрж╛ржмрзЗржи ржХржмрзЗ,0
ЁЯе░ЁЯе░тЭгя╕ПЁЯТптмЕя╕ПтмЕя╕П,0
ржнрж╛ржЗрзЯрж╛ ржПржЦржи ржХрзЛржерж╛рзЯ ржЖржкржирж┐ ржЖржкржирж╛рж░ рж╕рж╛ржерзЗ ржжрзЗржЦрж╛ ржХрж░ржмрзЛ рждрж╛ржЗ,0
ржжрзЛрзЯрж╛ рж░ржЗрж▓рзЛ ржЖржкрж╛ржирж╛рж░ ржЬржирзНржпржЖржорж╛рж░ ржмрж╛рзЬрж┐ ржХржХрзНрж╕ржмрж╛ржЬрж╛рж░,0
ржЖржорж┐ ржХржХрзНрж╕ржмрж╛ржЬрж╛рж░ ржЖржЫрж┐ ржЖрж▓рж┐ржл ржнрж╛ржЗЁЯлб,0
тЭдя╕ПтЭдя╕П,0
ржорж╛рж╢рж╛ржЖрж▓рзНрж▓рж╛рж╣,0
ЁЯТХ,0
ржирж╛ ржнрж╛ржЗ ржЖржкржирж╛рж░ ржПржЯрж╛ ржнрзБрж▓ ржзрж╛рж░ржгрж╛ ржкрзГржерж┐ржмрзАрж░ ржоржзрзНржпрзЗ рж╢рзНрж░рзЗрж╖рзНржа ржЬрж╛ржпрж╝ржЧрж╛ ржЖржорж╛ржжрзЗрж░ ржкрзНрж░рж┐ржпрж╝ ржиржмрзА рж╣ржпрж░ржд ржорзБрж╣рж╛ржорзНржоржж рж╕рж╛рж▓рзНрж▓рж╛рж▓рзНрж▓рж╛рж╣рзБ ржЖрж▓рж╛ржЗрж╣рж┐ ржпрзЗржЦрж╛ржирзЗ ржШрзБржорж╛ржпрж╝ ржЖржЫрзЗ ржУржЯрж╛ржЗ рж╣рж▓рзЛ ржкрзНрж░рж┐ржпрж╝ ржЬрж╛ржпрж╝ржЧрж╛,0
ржжрж┐ржирж╛ржЬржкрзБрж░рзЗ ржЖрж╕рж╛рж░ ржЖрж╣рзНржмрж╛ржи ржерж╛ржХржмрзЗ,0
ЁЯШНЁЯШНЁЯШН,0
"ржкрзГржерзАржмрж┐рж░ ржоржзрзНржпрзЗ рж╕ржмржЪрзЗржпрж╝рзЗ ржкрзНрж░рж┐ржпрж╝ ржЬрж╛ржпрж╝ржЧрж╛ ржХржХрзНрж╕ржмрж╛ржЬрж╛рж░ рж╣рж▓рзЗ рззржмржЫрж░ ржкрж╛ржпрж╝рзЗ рж╣рзЗржБржЯрзЗ рж╕рзМржжрж┐ ржЖрж░ржм ржоржХрзНржХрж╛ ржХрж┐рж╕рзЗрж░ ржЬржирзНржп ржЧрж┐ржпрж╝рзЗржЫрж┐рж▓рзЗржи 

ржПржЯрж╛ ржмрж▓рждрзЗ ржкрж╛рж░рзЗржи ржмрж╛ржВрж▓рж╛ржжрзЗрж╢ ржПрж░ ржоржзрзНржпрзЗ ржкрзНрж░рж┐ржпрж╝ ржПржХржЯрж╛ ржЬрж╛ржЗржЧрж╛ ржХржХрзНрж╕ржмрж╛ржЬрж╛рж░ ржмрж┐ржГржжрзНрж░ржГ ржкрзГржерзАржмрж┐рж░ ржоржзрзНржпрзЗ ржПржЯрж╛ ржмрж▓рждрзЗ ржкрж╛рж░рзЗржи ржирж╛ ЁЯЩВ",0

